"Type","Slug","Status","URL"
"Course","pig-feed","404","https://riseafricaskills.com/pig-feed-course.html"
"Course","cattle-steer-feed","404","https://riseafricaskills.com/cattle-steer-feed-course.html"
"Course","broiler-layers-feed","404","https://riseafricaskills.com/broiler-layers-feed-course.html"
"Course","dog-cat-feed","404","https://riseafricaskills.com/dog-cat-feed-course.html"
"Course","fish-feed","404","https://riseafricaskills.com/fish-feed-course.html"
"Course","jam-making","404","https://riseafricaskills.com/jam-making-course.html"
"Course","spices-course","404","https://riseafricaskills.com/spices-course-course.html"
"Course","charcoal-types-course","404","https://riseafricaskills.com/charcoal-types-course-course.html"
"Course","meat-curing","404","https://riseafricaskills.com/meat-curing-course.html"
"Course","aged-beef","404","https://riseafricaskills.com/aged-beef-course.html"
"Course","broiler-farming","404","https://riseafricaskills.com/broiler-farming-course.html"
"Course","layer-farming","404","https://riseafricaskills.com/layer-farming-course.html"
"Course","food-preservation","404","https://riseafricaskills.com/food-preservation-course.html"
"Course","goat-farming","404","https://riseafricaskills.com/goat-farming-course.html"
"Course","solar-installation","404","https://riseafricaskills.com/solar-installation-course.html"
"Course","shona-language","404","https://riseafricaskills.com/shona-language-course.html"
"Course","fish-farming","404","https://riseafricaskills.com/fish-farming-course.html"
"Course","horse-breeding","404","https://riseafricaskills.com/horse-breeding-course.html"
"Course","cabbage-farming","404","https://riseafricaskills.com/cabbage-farming-course.html"
"Course","sheep-farming","404","https://riseafricaskills.com/sheep-farming-course.html"
"Course","street-food","404","https://riseafricaskills.com/street-food-course.html"
"Course","fruit-juice-making","404","https://riseafricaskills.com/fruit-juice-making-course.html"
"Course","solar-pump-dam","404","https://riseafricaskills.com/solar-pump-dam-course.html"
"Course","packaging-export","404","https://riseafricaskills.com/packaging-export-course.html"
"Course","international-trade","404","https://riseafricaskills.com/international-trade-course.html"
"Course","irrigation-smallholds","404","https://riseafricaskills.com/irrigation-smallholds-course.html"
"Course","export-standards","404","https://riseafricaskills.com/export-standards-course.html"
"Course","farm-market-access","404","https://riseafricaskills.com/farm-market-access-course.html"
"Course","cooperative-formation","404","https://riseafricaskills.com/cooperative-formation-course.html"
"Course","cassava-starch","404","https://riseafricaskills.com/cassava-starch-course.html"
"Course","ai-course","404","https://riseafricaskills.com/ai-course-course.html"
"Course","robotics-course","404","https://riseafricaskills.com/robotics-course-course.html"
"Course","drone-technology","404","https://riseafricaskills.com/drone-technology-course.html"
"Course","supply-chain-course","404","https://riseafricaskills.com/supply-chain-course-course.html"
"Course","guinea-quail-farming","404","https://riseafricaskills.com/guinea-quail-farming-course.html"
"Course","citrus-farming","404","https://riseafricaskills.com/citrus-farming-course.html"
"Course","tropical-fruit-farming","404","https://riseafricaskills.com/tropical-fruit-farming-course.html"
"Course","silaje-hay-making","404","https://riseafricaskills.com/silaje-hay-making-course.html"
"Course","medicinal-herb-cultivation","404","https://riseafricaskills.com/medicinal-herb-cultivation-course.html"
"Course","herbal-medicine-nutraceuticals","404","https://riseafricaskills.com/herbal-medicine-nutraceuticals-course.html"
"Course","cold-storage","404","https://riseafricaskills.com/cold-storage-course.html"
"Course","bsf-larvae-farming","404","https://riseafricaskills.com/bsf-larvae-farming-course.html"
"Course","brewery-wine-gin-cider-beer","404","https://riseafricaskills.com/brewery-wine-gin-cider-beer-course.html"
"Course","car-breakers-scrapyard","404","https://riseafricaskills.com/car-breakers-scrapyard-course.html"
"Course","moringa-powder-supplements","404","https://riseafricaskills.com/moringa-powder-supplements-course.html"
"Course","baobab-powder-products","404","https://riseafricaskills.com/baobab-powder-products-course.html"
"Course","hibiscus-zobo-concentrate","404","https://riseafricaskills.com/hibiscus-zobo-concentrate-course.html"
"Course","ginger-turmeric-shots-teas","404","https://riseafricaskills.com/ginger-turmeric-shots-teas-course.html"
"Course","herbal-teas-infusions","404","https://riseafricaskills.com/herbal-teas-infusions-course.html"
"Course","organic-fertilizer-compost","404","https://riseafricaskills.com/organic-fertilizer-compost-course.html"
"Course","perfume-oils-incense","404","https://riseafricaskills.com/perfume-oils-incense-course.html"
"Course","coconut-oil-shea-oil","404","https://riseafricaskills.com/coconut-oil-shea-oil-course.html"
"Course","essential-oils","404","https://riseafricaskills.com/essential-oils-course.html"
"Course","cosmetics-body-butters","404","https://riseafricaskills.com/cosmetics-body-butters-course.html"
"Course","african-black-soap-skincare","404","https://riseafricaskills.com/african-black-soap-skincare-course.html"
"Course","natural-hair-care","404","https://riseafricaskills.com/natural-hair-care-course.html"
"Course","dried-fruit-vegetable-processing","404","https://riseafricaskills.com/dried-fruit-vegetable-processing-course.html"
"Course","fruit-juice-concentrates","404","https://riseafricaskills.com/fruit-juice-concentrates-course.html"
"Course","spice-blending-packaging","404","https://riseafricaskills.com/spice-blending-packaging-course.html"
"Course","peanut-butter-nut-pastes","404","https://riseafricaskills.com/peanut-butter-nut-pastes-course.html"
"Course","paint-manufacturing","404","https://riseafricaskills.com/paint-manufacturing-course.html"
"Course","brick-paver-making","404","https://riseafricaskills.com/brick-paver-making-course.html"
"Course","fish-processing-smoking-canning","404","https://riseafricaskills.com/fish-processing-smoking-canning-course.html"
"Course","bottled-water-production","404","https://riseafricaskills.com/bottled-water-production-course.html"
"Course","soft-drinks-production","404","https://riseafricaskills.com/soft-drinks-production-course.html"
"Course","distillery-spirits","404","https://riseafricaskills.com/distillery-spirits-course.html"
"Course","breakfast-cereals","404","https://riseafricaskills.com/breakfast-cereals-course.html"
"Course","cooking-oil-production","404","https://riseafricaskills.com/cooking-oil-production-course.html"
"Course","sugar-processing","404","https://riseafricaskills.com/sugar-processing-course.html"
"Course","rice-milling","404","https://riseafricaskills.com/rice-milling-course.html"
"Course","flour-milling","404","https://riseafricaskills.com/flour-milling-course.html"
"Course","chocolate-candy","404","https://riseafricaskills.com/chocolate-candy-course.html"
"Course","ice-cream-production","404","https://riseafricaskills.com/ice-cream-production-course.html"
"Course","yogurt-production","404","https://riseafricaskills.com/yogurt-production-course.html"
"Course","cement-blocks","404","https://riseafricaskills.com/cement-blocks-course.html"
"Course","roofing-sheets","404","https://riseafricaskills.com/roofing-sheets-course.html"
"Course","tiles-ceramics","404","https://riseafricaskills.com/tiles-ceramics-course.html"
"Course","pvc-plumbing-pipes","404","https://riseafricaskills.com/pvc-plumbing-pipes-course.html"
"Course","steel-fabrication","404","https://riseafricaskills.com/steel-fabrication-course.html"
"Course","aluminum-windows-doors","404","https://riseafricaskills.com/aluminum-windows-doors-course.html"
"Course","glass-processing","404","https://riseafricaskills.com/glass-processing-course.html"
"Course","furniture-manufacturing","404","https://riseafricaskills.com/furniture-manufacturing-course.html"
"Course","solar-panel-assembly","404","https://riseafricaskills.com/solar-panel-assembly-course.html"
"Course","solar-inverters-batteries","404","https://riseafricaskills.com/solar-inverters-batteries-course.html"
"Course","briquettes-pellets","404","https://riseafricaskills.com/briquettes-pellets-course.html"
"Course","biogas-systems","404","https://riseafricaskills.com/biogas-systems-course.html"
"Course","auto-parts-assembly","404","https://riseafricaskills.com/auto-parts-assembly-course.html"
"Course","ev-motorbike-assembly","404","https://riseafricaskills.com/ev-motorbike-assembly-course.html"
"Course","electronics-assembly","404","https://riseafricaskills.com/electronics-assembly-course.html"
"Course","packaging-materials","404","https://riseafricaskills.com/packaging-materials-course.html"
"Course","detergents-manufacturing","404","https://riseafricaskills.com/detergents-manufacturing-course.html"
"Course","pharmaceuticals","404","https://riseafricaskills.com/pharmaceuticals-course.html"
"Course","sanitary-pads","404","https://riseafricaskills.com/sanitary-pads-course.html"
"Course","tissues-paper-products","404","https://riseafricaskills.com/tissues-paper-products-course.html"
"Course","fertilizer-blending","404","https://riseafricaskills.com/fertilizer-blending-course.html"
"Course","pesticides-agrochemicals","404","https://riseafricaskills.com/pesticides-agrochemicals-course.html"
