"Num","Title","Slug","OK","Empty","Missing","Overview"
"169","How to Start a Business in Africa","how-to-start-a-business-in-africa","0","0","12","BAD"
"170","Mushroom Seed (Spawn) Production Business","mushroom-seed-spawn-production-business","0","0","12","BAD"
"171","Brick Making Business with Bank and Mobile Money Integration","brick-making-business-with-bank-and-mobile-money-integration","0","0","12","BAD"
"167","Petrol and Diesel Engine Fundamentals: 0 to 12 Litres","petrol-and-diesel-engine-fundamentals-0-to-12-litres","0","0","12","BAD"
"168","Convert a Car Engine to an Irrigation Water Pump","convert-a-car-engine-to-an-irrigation-water-pump","0","0","12","BAD"
"141","Barbering &amp; Men's Grooming Business","barbering-amp-men-s-grooming-business","0","0","12","BAD"
"142","Hair Salon and Beauty Business","hair-salon-and-beauty-business","0","0","12","BAD"
"143","Social Media Influencer Business","social-media-influencer-business","0","0","12","BAD"
"144","DJ and Event Entertainment Business","dj-and-event-entertainment-business","0","0","12","BAD"
"145","Agricultural Produce Sourcing Business","agricultural-produce-sourcing-business","0","0","12","BAD"
"146","Sourcing and Reselling Business","sourcing-and-reselling-business","0","0","12","BAD"
"147","Basic First Aid for Business and Community","basic-first-aid-for-business-and-community","0","0","12","BAD"
"148","Massage and Spa Home Visit Business","massage-and-spa-home-visit-business","0","0","12","BAD"
"149","Errands and Personal Assistant Service","errands-and-personal-assistant-service","0","0","12","BAD"
"150","Crisis Response for Underserved Communities","crisis-response-for-underserved-communities","0","0","12","BAD"
"151","Home and Office Cleaning Business","home-and-office-cleaning-business","0","0","12","BAD"
"152","Car Washing and Detailing Business","car-washing-and-detailing-business","0","0","12","BAD"
"153","Pest Control Business (Basic to Medium)","pest-control-business-basic-to-medium","0","0","12","BAD"
"154","Event Services Business (Planning and Decor)","event-services-business-planning-and-decor","0","0","12","BAD"
"155","Recycling and Green Business","recycling-and-green-business","0","0","12","BAD"
"156","Transport and Logistics Business","transport-and-logistics-business","0","0","12","BAD"
"157","Herbal and Natural Skincare Products","herbal-and-natural-skincare-products","0","0","12","BAD"
"158","Education and Training Business","education-and-training-business","0","0","12","BAD"
"159","Small Kiosk and Tuck Shop Business","small-kiosk-and-tuck-shop-business","0","0","12","BAD"
"160","Reselling on Social Media Platforms","reselling-on-social-media-platforms","0","0","12","BAD"
"161","Tech and Digital Services Business","tech-and-digital-services-business","0","0","12","BAD"
"162","Second-Hand / Thrift Shop Business (Okrika)","second-hand-thrift-shop-business-okrika","0","0","12","BAD"
"163","Home-Based Catering for Small Events","home-based-catering-for-small-events","0","0","12","BAD"
"140","Maximise 1 Hectare — Vegetables for Profit","maximise-1-hectare-vegetables-for-profit","0","0","12","BAD"
"165","Snail Farming (Heliciculture) Business","snail-farming-heliciculture-business","0","0","12","BAD"
"166","Seedling Nursery for Farmers","seedling-nursery-for-farmers","0","0","12","BAD"
"164","Fortified Corn-Soy Porridge for Malnourished Children","fortified-corn-soy-porridge-for-malnourished-children","0","0","12","BAD"
"2","Pig Feed Formulation","pig-feed-formulation","0","0","12","BAD"
"3","Cattle and Steer Feed Formulation","cattle-and-steer-feed-formulation","0","0","12","BAD"
"4","Broiler and Layer Feed Formulation","broiler-and-layer-feed-formulation","0","0","12","BAD"
"5","Dog and Cat Feed Formulation","dog-and-cat-feed-formulation","0","0","12","BAD"
"6","Fish Feed Formulation","fish-feed-formulation","0","0","12","BAD"
"7","Bakery Business","bakery-business","0","0","12","BAD"
"10","Bee Farming and Honey Production","bee-farming-and-honey-production","0","0","12","BAD"
"12","Cassava Farming and Processing","cassava-farming-and-processing","0","0","12","BAD"
"15","Leather Making and Tanning","leather-making-and-tanning","0","0","12","BAD"
"16","Jam Making","jam-making","12","0","0","BAD"
"17","Spices Course","spices-course","0","0","12","BAD"
"18","Soap Making","soap-making","6","0","6","OK"
"19","Charcoal Types Course","charcoal-types-course","0","0","12","BAD"
"20","Meat Curing &amp; Charcuterie","meat-curing-amp-charcuterie","0","0","12","BAD"
"21","Aged Beef – 21 to 101 Day","aged-beef-21-to-101-day","0","0","12","BAD"
"22","Broiler Farming","broiler-farming","6","0","6","OK"
"23","Layer Farming","layer-farming","6","0","6","OK"
"24","Food Preservation (10 Methods)","food-preservation-10-methods","0","0","12","BAD"
"25","Goat Farming","goat-farming","12","0","0","BAD"
"26","Solar Installation in the Community","solar-installation-in-the-community","0","0","12","BAD"
"27","Russian Language","russian-language","6","0","6","OK"
"28","Chinese / Mandarin","chinese-mandarin","0","0","12","BAD"
"29","Arabic Language","arabic-language","6","0","6","OK"
"30","Swahili Language","swahili-language","6","0","6","OK"
"44","Spanish Language","spanish-language","0","0","12","BAD"
"31","Shona Language","shona-language","0","0","12","BAD"
"32","Entrepreneurship","entrepreneurship","6","0","6","OK"
"33","Fish Farming","fish-farming","0","0","12","BAD"
"34","Fish Fingerling Production","fish-fingerling-production","6","0","6","OK"
"35","Horse Breeding","horse-breeding","12","0","0","BAD"
"36","Tomato Farming","tomato-farming","6","0","6","OK"
"37","Potato Farming","potato-farming","6","0","6","OK"
"38","Onion Farming","onion-farming","6","0","6","OK"
"39","Cabbage Farming","cabbage-farming","6","0","6","BAD"
"40","Rabbit Farming","rabbit-farming","6","0","6","OK"
"41","Sheep Farming","sheep-farming","12","0","0","BAD"
"42","Street Food / Take Away","street-food-take-away","0","0","12","BAD"
"43","Fruit Juice Making","fruit-juice-making","0","0","12","BAD"
"45","Solar Pump for Dam","solar-pump-for-dam","0","0","12","BAD"
"46","Packaging for Export Markets","packaging-for-export-markets","0","0","12","BAD"
"47","International Trade Basics","international-trade-basics","6","0","6","OK"
"48","Irrigation Systems for Smallholds","irrigation-systems-for-smallholds","0","0","12","BAD"
"49","Export Standards &amp; Certification","export-standards-amp-certification","0","0","12","BAD"
"50","Farm Market Access &amp; Pricing","farm-market-access-amp-pricing","0","0","12","BAD"
"51","Business Plan Development","business-plan-development","6","0","6","OK"
"52","Agricultural Cooperative Formation","agricultural-cooperative-formation","6","0","6","OK"
"53","Cassava Starch Extraction","cassava-starch-extraction","6","0","6","OK"
"54","Cassava Bread &amp; Baking","cassava-bread-amp-baking","0","0","12","BAD"
"55","AI Fundamentals","ai-fundamentals","6","0","6","OK"
"56","Robotics","robotics-course","0","0","12","BAD"
"57","Drone Technology","drone-technology","0","0","12","BAD"
"58","Supply Chain Management","supply-chain-management","0","0","12","BAD"
"59","Avocado Farming","avocado-farming","6","0","6","OK"
"60","Banana Farming","banana-farming","6","0","6","OK"
"61","Crocodile Farming","crocodile-farming","6","0","6","OK"
"62","Duck Farming","duck-farming","6","0","6","OK"
"63","Guinea Fowl &amp; Quail Farming","guinea-fowl-amp-quail-farming","0","0","12","BAD"
"64","Grafting, Budding &amp; Orchards","grafting-budding-amp-orchards","0","0","12","BAD"
"65","Grasscutter Farming","grasscutter-farming","6","0","6","OK"
"66","Citrus Farming","citrus-farming","6","0","6","OK"
"67","Tropical Fruit Farming","tropical-fruit-farming","6","0","6","BAD"
"68","Ostrich Farming","ostrich-farming","6","0","6","OK"
"69","Sorghum &amp; Millet Farming","sorghum-amp-millet-farming","0","0","12","BAD"
"70","Soybean Farming","soybean-farming","6","0","6","OK"
"71","Sunflower Farming","sunflower-farming","0","0","12","OK"
"72","Silage &amp; Hay Making","silage-amp-hay-making","0","0","12","BAD"
"73","Sweet Potato Farming","sweet-potato-farming","6","0","6","OK"
"74","Turkey Farming","turkey-farming","6","0","6","OK"
"75","Yam Farming","yam-farming","6","0","6","OK"
"76","Wheat &amp; Barley Farming","wheat-amp-barley-farming","0","0","12","BAD"
"77","Agricultural Record Keeping","agricultural-record-keeping","6","0","6","OK"
"78","Project Management","project-management","6","0","6","OK"
"79","Farm Labor Management","farm-labor-management","6","0","6","OK"
"80","Tomato Paste &amp; Sauce","tomato-paste-amp-sauce","0","0","12","BAD"
"81","Medicinal &amp; Herbal Plant Cultivation","medicinal-amp-herbal-plant-cultivation","0","0","12","BAD"
"82","Herbal Medicine &amp; Nutraceuticals","herbal-medicine-amp-nutraceuticals","0","0","12","BAD"
"83","Cold Storage","cold-storage","0","0","12","BAD"
"84","Black Soldier Fly Larvae Farming","black-soldier-fly-larvae-farming","0","0","12","BAD"
"85","Brewery: Wine, Gin, Cider &amp; Beer","brewery-wine-gin-cider-amp-beer","0","0","12","BAD"
"86","Car Breakers &amp; Metal Scrapyard","car-breakers-amp-metal-scrapyard","0","0","12","BAD"
"87","Moringa Powder &amp; Supplements","moringa-powder-amp-supplements","0","0","12","BAD"
"88","Baobab Powder Products","baobab-powder-products","0","0","12","BAD"
"89","Hibiscus (Zobo/Sobolo) Drink Concentrate","hibiscus-zobo-sobolo-drink-concentrate","0","0","12","BAD"
"90","Ginger &amp; Turmeric Shots &amp; Teas","ginger-amp-turmeric-shots-amp-teas","0","0","12","BAD"
"91","Herbal Teas &amp; Infusions","herbal-teas-amp-infusions","0","0","12","BAD"
"92","Organic Fertilizer &amp; Compost","organic-fertilizer-amp-compost","0","0","12","BAD"
"93","Perfume Oils &amp; Incense","perfume-oils-amp-incense","0","0","12","BAD"
"94","Coconut Oil &amp; Shea Oil","coconut-oil-amp-shea-oil","0","0","12","BAD"
"95","Essential Oils (Lemongrass, Eucalyptus, Tea Tree)","essential-oils-lemongrass-eucalyptus-tea-tree","0","0","12","BAD"
"96","Cosmetics: Lip Balms, Body Butters &amp; Hair Oils","cosmetics-lip-balms-body-butters-amp-hair-oils","0","0","12","BAD"
"97","African Black Soap &amp; Skincare","african-black-soap-amp-skincare","0","0","12","BAD"
"98","Hair Care for Natural Hair","hair-care-for-natural-hair","0","0","12","BAD"
"99","Dried Fruit &amp; Vegetable Processing","dried-fruit-amp-vegetable-processing","0","0","12","BAD"
"100","Fruit Juice &amp; Concentrates","fruit-juice-amp-concentrates","0","0","12","BAD"
"101","Honey Processing &amp; Packaging","honey-processing-amp-packaging","0","0","12","BAD"
"102","Spice Blending &amp; Packaging","spice-blending-amp-packaging","0","0","12","BAD"
"103","Peanut Butter &amp; Nut Pastes","peanut-butter-amp-nut-pastes","0","0","12","BAD"
"104","Paint Manufacturing","paint-manufacturing","0","0","12","BAD"
"105","Brick &amp; Paver Making","brick-amp-paver-making","0","0","12","BAD"
"106","Fish Processing (Smoking &amp; Canning)","fish-processing-smoking-amp-canning","0","0","12","BAD"
"107","Bottled Water Production","bottled-water-production","0","0","12","BAD"
"108","Soft Drinks Production","soft-drinks-production","0","0","12","BAD"
"109","Distillery &amp; Spirits","distillery-amp-spirits","0","0","12","BAD"
"110","Breakfast Cereals","breakfast-cereals","0","0","12","BAD"
"111","Cooking Oil Production","cooking-oil-production","0","0","12","BAD"
"112","Sugar Processing","sugar-processing","0","0","12","BAD"
"113","Rice Milling","rice-milling","0","0","12","BAD"
"114","Flour Milling","flour-milling","0","0","12","BAD"
"115","Chocolate &amp; Candy","chocolate-amp-candy","0","0","12","BAD"
"116","Ice Cream Production","ice-cream-production","0","0","12","BAD"
"117","Yogurt Production","yogurt-production","0","0","12","BAD"
"118","Cement &amp; Blocks","cement-amp-blocks","0","0","12","BAD"
"119","Roofing Sheets","roofing-sheets","0","0","12","BAD"
"120","Tiles &amp; Ceramics","tiles-amp-ceramics","0","0","12","BAD"
"121","PVC &amp; Plumbing Pipes","pvc-amp-plumbing-pipes","0","0","12","BAD"
"122","Steel Fabrication","steel-fabrication","0","0","12","BAD"
"123","Aluminum Windows &amp; Doors","aluminum-windows-amp-doors","0","0","12","BAD"
"124","Glass Processing","glass-processing","0","0","12","BAD"
"125","Furniture Manufacturing","furniture-manufacturing","0","0","12","BAD"
"126","Solar Panel Assembly","solar-panel-assembly","0","0","12","BAD"
"127","Solar Inverters &amp; Batteries","solar-inverters-amp-batteries","0","0","12","BAD"
"128","Briquettes &amp; Pellets","briquettes-amp-pellets","0","0","12","BAD"
"129","Biogas Systems","biogas-systems","0","0","12","BAD"
"130","Auto Parts &amp; Assembly","auto-parts-amp-assembly","0","0","12","BAD"
"131","EV Motorbike Assembly","ev-motorbike-assembly","0","0","12","BAD"
"132","Electronics Assembly","electronics-assembly","0","0","12","BAD"
"133","Packaging Materials","packaging-materials","0","0","12","BAD"
"134","Detergents Manufacturing","detergents-manufacturing","0","0","12","BAD"
"135","Pharmaceuticals","pharmaceuticals","0","0","12","BAD"
"136","Sanitary Pads","sanitary-pads","0","0","12","BAD"
"137","Tissues &amp; Paper Products","tissues-amp-paper-products","0","0","12","BAD"
"138","Fertilizer Blending","fertilizer-blending","0","0","12","BAD"
"139","Pesticides &amp; Agrochemicals","pesticides-amp-agrochemicals","0","0","12","BAD"
"172","Farm Building Construction","farm-building-construction","12","0","0","BAD"
"173","Welding Fundamentals","welding-fundamentals","12","0","0","BAD"
"174","Processing a Pig Fully","processing-a-pig-fully","0","0","12","BAD"
"178","Buildings for Preservation (10 Methods)","buildings-for-preservation-10-methods","0","0","12","BAD"
"182","Pizza Oven Construction (Wood-Fired 12 Pizza)","pizza-oven-construction-wood-fired-12-pizza","0","0","12","BAD"
"183","Aluminium Welding Fundamentals","aluminium-welding-fundamentals","0","0","12","BAD"
"203","African Street Food Business","african-street-food-business","0","0","12","BAD"
"202","Daily Pig Sales: Batch Farrowing","daily-pig-sales-batch-farrowing","0","0","12","BAD"
"201","Gold Smelting and Refining","gold-smelting-and-refining","0","0","12","BAD"
"200","Artisan Gold Mining","artisan-gold-mining","0","0","12","BAD"
"199","Daily Bread Sales: Bakery Production","daily-bread-sales-bakery-production","0","0","12","BAD"
"198","Daily Milk Sales: Dairy Herd System","daily-milk-sales-dairy-herd-system","0","0","12","BAD"
"197","Daily Egg Sales: Layer Flock System","daily-egg-sales-layer-flock-system","0","0","12","BAD"
"196","Daily Broiler Sales: Batch Production","daily-broiler-sales-batch-production","0","0","12","BAD"
"195","Metal Furniture Making","metal-furniture-making","0","0","12","BAD"
"194","Riveting and Fastener Work","riveting-and-fastener-work","0","0","12","BAD"
"193","Advanced Welding Techniques","advanced-welding-techniques","0","0","12","BAD"
"192","Metal Sculpture","metal-sculpture","0","0","12","BAD"
"191","Gate and Fence Making","gate-and-fence-making","0","0","12","BAD"
"190","Tool Making for Agriculture","tool-making-for-agriculture","0","0","12","BAD"
"189","Metal Casting and Foundry Work","metal-casting-and-foundry-work","0","0","12","BAD"
"188","Ornamental Ironwork","ornamental-ironwork","0","0","12","BAD"
"187","Bladesmithing","bladesmithing","0","0","12","BAD"
"186","Sheet Metal Work","sheet-metal-work","0","0","12","BAD"
"185","Small Machines &amp; Pharmaceuticals Import","small-machines-amp-pharmaceuticals-import","0","0","12","BAD"
"184","Small Chinese Machines","small-chinese-machines","0","0","12","BAD"
"181","Cold Room for 4-10 Beasts","cold-room-for-4-10-beasts","0","0","12","BAD"
"180","Beehive Construction","beehive-construction","0","0","12","BAD"
"179","Fish Pond Construction","fish-pond-construction","0","0","12","BAD"
"177","Basic Blacksmithing","basic-blacksmithing","0","0","12","BAD"
"176","Smelting Fundamentals","smelting-fundamentals","0","0","12","BAD"
"175","Wind Turbine Basics","wind-turbine-basics","0","0","12","BAD"
