"Num","Title","Type","Slug","Modules","Missing"
"169","How to Start a Business in Africa","DB","how-to-start-a-business","7","8,9,10,11,12"
"170","Mushroom Seed (Spawn) Production Business","DB","mushroom-seed-production","7","8,9,10,11,12"
"171","Brick Making Business with Bank and Mobile Money Integration","DB","brick-making-business-banking","7","8,9,10,11,12"
"167","Petrol and Diesel Engine Fundamentals: 0 to 12 Litres","DB","engine-fundamentals","46",""
"168","Convert a Car Engine to an Irrigation Water Pump","DB","engine-to-irrigation-pump","12",""
"141","Barbering &amp; Men's Grooming Business","DB","barbering-grooming","7","8,9,10,11,12"
"142","Hair Salon and Beauty Business","DB","hair-salon-beauty","7","8,9,10,11,12"
"143","Social Media Influencer Business","DB","social-media-influencer","7","8,9,10,11,12"
"144","DJ and Event Entertainment Business","DB","dj-event-entertainment","7","8,9,10,11,12"
"145","Agricultural Produce Sourcing Business","DB","agricultural-produce-sourcing","7","8,9,10,11,12"
"146","Sourcing and Reselling Business","DB","sourcing-reselling","7","8,9,10,11,12"
"147","Basic First Aid for Business and Community","DB","basic-first-aid","7","8,9,10,11,12"
"148","Massage and Spa Home Visit Business","DB","massage-spa-home","7","8,9,10,11,12"
"149","Errands and Personal Assistant Service","DB","errands-personal-assistant","7","8,9,10,11,12"
"150","Crisis Response for Underserved Communities","DB","crisis-response-underserved","7","8,9,10,11,12"
"151","Home and Office Cleaning Business","DB","home-office-cleaning","7","8,9,10,11,12"
"152","Car Washing and Detailing Business","DB","car-washing-detailing","7","8,9,10,11,12"
"153","Pest Control Business (Basic to Medium)","DB","pest-control-basic","7","8,9,10,11,12"
"154","Event Services Business (Planning and Decor)","DB","event-services","7","8,9,10,11,12"
"155","Recycling and Green Business","DB","recycling-green-business","7","8,9,10,11,12"
"156","Transport and Logistics Business","DB","transport-logistics","7","8,9,10,11,12"
"157","Herbal and Natural Skincare Products","DB","herbal-skincare-products","7","8,9,10,11,12"
"158","Education and Training Business","DB","education-training-business","7","8,9,10,11,12"
"159","Small Kiosk and Tuck Shop Business","DB","small-kiosk-tuck-shop","7","8,9,10,11,12"
"160","Reselling on Social Media Platforms","DB","reselling-social-media","7","8,9,10,11,12"
"161","Tech and Digital Services Business","DB","tech-digital-services","7","8,9,10,11,12"
"162","Second-Hand / Thrift Shop Business (Okrika)","DB","thrift-shop-okrika","7","8,9,10,11,12"
"163","Home-Based Catering for Small Events","DB","home-based-catering","7","8,9,10,11,12"
"140","Maximise 1 Hectare — Vegetables for Profit","DB","maximise-1-hectare-vegetables","7","8,9,10,11,12"
"165","Snail Farming (Heliciculture) Business","DB","snail-farming","7","8,9,10,11,12"
"166","Seedling Nursery for Farmers","DB","seedling-nursery-farmers","7","8,9,10,11,12"
"164","Fortified Corn-Soy Porridge for Malnourished Children","DB","fortified-corn-soy-porridge","12",""
"1","Pig Farming","DB","pig-farming","12",""
"2","Pig Feed Formulation","DB","pig-feed-formulation","12",""
"3","Cattle and Steer Feed Formulation","DB","cattle-steer-feed-formulation","12",""
"4","Broiler and Layer Feed Formulation","DB","broiler-layer-feed-formulation","12",""
"5","Dog and Cat Feed Formulation","DB","dog-cat-feed-formulation","12",""
"6","Fish Feed Formulation","DB","fish-feed-formulation","11","12"
"7","Bakery Business","DB","bakery-business","12",""
"8","Butchery","DB","butchery","12",""
"9","Steer Fattening","DB","steer-fattening","12",""
"10","Bee Farming and Honey Production","DB","bee-farming-honey-production","12",""
"11","Mushroom Farming","DB","mushroom-farming","12",""
"12","Cassava Farming and Processing","DB","cassava-farming-processing","12",""
"13","Dairy Production","DB","dairy-production","12",""
"14","Cattle Farming","DB","cattle-farming","12",""
"15","Leather Making and Tanning","DB","leather-making-tanning","12",""
"16","Jam Making","DB","jam-making","12",""
"17","Spices Course","DB","spices-course","12",""
"18","Soap Making","DB","soap-making","6","7,8,9,10,11,12"
"19","Charcoal Types Course","DB","charcoal-types-course","12",""
"20","Meat Curing &amp; Charcuterie","DB","meat-curing-amp-charcuterie","12",""
"21","Aged Beef – 21 to 101 Day","DB","aged-beef-21-to-101-day","11","12"
"22","Broiler Farming","DB","broiler-farming","6","7,8,9,10,11,12"
"23","Layer Farming","DB","layer-farming","6","7,8,9,10,11,12"
"24","Food Preservation (10 Methods)","DB","food-preservation-10-methods","12",""
"25","Goat Farming","DB","goat-farming","12",""
"26","Solar Installation in the Community","DB","solar-installation-in-the-community","12",""
"27","Russian Language","DB","russian-language","6","7,8,9,10,11,12"
"28","Chinese / Mandarin","DB","chinese-language","6","7,8,9,10,11,12"
"29","Arabic Language","DB","arabic-language","6","7,8,9,10,11,12"
"30","Swahili Language","DB","swahili-language","6","7,8,9,10,11,12"
"44","Spanish Language","DB","spanish-language","12",""
"31","Shona Language","DB","shona-language","10","11,12"
"32","Entrepreneurship","DB","entrepreneurship","12",""
"33","Fish Farming","DB","fish-farming","12",""
"34","Fish Fingerling Production","DB","fish-fingerling-production","12",""
"35","Horse Breeding","DB","horse-breeding","12",""
"36","Tomato Farming","DB","tomato-farming","6","7,8,9,10,11,12"
"37","Potato Farming","DB","potato-farming","6","7,8,9,10,11,12"
"38","Onion Farming","DB","onion-farming","6","7,8,9,10,11,12"
"39","Cabbage Farming","DB","cabbage-farming","12",""
"40","Rabbit Farming","DB","rabbit-farming","12",""
"41","Sheep Farming","DB","sheep-farming","12",""
"42","Street Food / Take Away","DB","street-food-take-away","12",""
"43","Fruit Juice Making","DB","fruit-juice-making","12",""
"45","Solar Pump for Dam","DB","solar-pump-for-dam","11","12"
"46","Packaging for Export Markets","DB","packaging-for-export-markets","11","12"
"47","International Trade Basics","DB","international-trade-basics","6","7,8,9,10,11,12"
"48","Irrigation Systems for Smallholds","DB","irrigation-systems-for-smallholds","12",""
"49","Export Standards &amp; Certification","DB","export-standards-amp-certification","12",""
"50","Farm Market Access &amp; Pricing","DB","farm-market-access-amp-pricing","12",""
"51","Business Plan Development","DB","business-plan-development","12",""
"52","Agricultural Cooperative Formation","DB","agricultural-cooperative-formation","12",""
"53","Cassava Starch Extraction","DB","cassava-starch-extraction","6","7,8,9,10,11,12"
"54","Cassava Bread &amp; Baking","DB","cassava-bread-amp-baking","12",""
"55","AI Fundamentals","DB","ai-fundamentals","6","7,8,9,10,11,12"
"56","Robotics","DB","robotics","12",""
"57","Drone Technology","DB","drone-technology","12",""
"58","Supply Chain Management","DB","supply-chain-management","11","12"
"59","Avocado Farming","DB","avocado-farming","6","7,8,9,10,11,12"
"60","Banana Farming","DB","banana-farming","6","7,8,9,10,11,12"
"61","Crocodile Farming","DB","crocodile-farming","6","7,8,9,10,11,12"
"62","Duck Farming","DB","duck-farming","6","7,8,9,10,11,12"
"63","Guinea Fowl &amp; Quail Farming","DB","guinea-fowl-amp-quail-farming","12",""
"64","Grafting, Budding &amp; Orchards","DB","grafting-budding-amp-orchards","12",""
"65","Grasscutter Farming","DB","grasscutter-farming","6","7,8,9,10,11,12"
"66","Citrus Farming","DB","citrus-farming","6","7,8,9,10,11,12"
"67","Tropical Fruit Farming","DB","tropical-fruit-farming","12",""
"68","Ostrich Farming","DB","ostrich-farming","6","7,8,9,10,11,12"
"69","Sorghum &amp; Millet Farming","DB","sorghum-amp-millet-farming","12",""
"70","Soybean Farming","DB","soybean-farming","6","7,8,9,10,11,12"
"71","Sunflower Farming","DB","sunflower-farming","12",""
"72","Silage &amp; Hay Making","DB","silage-amp-hay-making","11","12"
"73","Sweet Potato Farming","DB","sweet-potato-farming","6","7,8,9,10,11,12"
"74","Turkey Farming","DB","turkey-farming","6","7,8,9,10,11,12"
"75","Yam Farming","DB","yam-farming","6","7,8,9,10,11,12"
"76","Wheat &amp; Barley Farming","DB","wheat-amp-barley-farming","12",""
"77","Agricultural Record Keeping","DB","agricultural-record-keeping","12",""
"78","Project Management","DB","project-management","12",""
"79","Farm Labor Management","DB","farm-labor-management","12",""
"80","Tomato Paste &amp; Sauce","DB","tomato-paste-amp-sauce","12",""
"81","Medicinal &amp; Herbal Plant Cultivation","DB","medicinal-amp-herbal-plant-cultivation","12",""
"82","Herbal Medicine &amp; Nutraceuticals","DB","herbal-medicine-amp-nutraceuticals","10","11,12"
"83","Cold Storage","DB","cold-storage","12",""
"84","Black Soldier Fly Larvae Farming","DB","black-soldier-fly-larvae-farming","11","12"
"85","Brewery: Wine, Gin, Cider &amp; Beer","DB","brewery-wine-gin-cider-amp-beer","12",""
"86","Car Breakers &amp; Metal Scrapyard","DB","car-breakers-amp-metal-scrapyard","11","12"
"87","Moringa Powder &amp; Supplements","DB","moringa-powder-amp-supplements","12",""
"88","Baobab Powder Products","DB","baobab-powder-products","12",""
"89","Hibiscus (Zobo/Sobolo) Drink Concentrate","DB","hibiscus-zobo-sobolo-drink-concentrate","12",""
"90","Ginger &amp; Turmeric Shots &amp; Teas","DB","ginger-amp-turmeric-shots-amp-teas","11","12"
"91","Herbal Teas &amp; Infusions","DB","herbal-teas-amp-infusions","12",""
"92","Organic Fertilizer &amp; Compost","DB","organic-fertilizer-amp-compost","12",""
"93","Perfume Oils &amp; Incense","DB","perfume-oils-amp-incense","12",""
"94","Coconut Oil &amp; Shea Oil","DB","coconut-oil-amp-shea-oil","12",""
"95","Essential Oils (Lemongrass, Eucalyptus, Tea Tree)","DB","essential-oils-lemongrass-eucalyptus-tea-tree","12",""
"96","Cosmetics: Lip Balms, Body Butters &amp; Hair Oils","DB","cosmetics-lip-balms-body-butters-amp-hair-oils","12",""
"97","African Black Soap &amp; Skincare","DB","african-black-soap-amp-skincare","12",""
"98","Hair Care for Natural Hair","DB","hair-care-for-natural-hair","11","12"
"99","Dried Fruit &amp; Vegetable Processing","DB","dried-fruit-amp-vegetable-processing","11","12"
"100","Fruit Juice &amp; Concentrates","DB","fruit-juice-amp-concentrates","12",""
"101","Honey Processing &amp; Packaging","DB","honey-processing-amp-packaging","12",""
"102","Spice Blending &amp; Packaging","DB","spice-blending-amp-packaging","11","12"
"103","Peanut Butter &amp; Nut Pastes","DB","peanut-butter-amp-nut-pastes","12",""
"104","Paint Manufacturing","DB","paint-manufacturing","12",""
"105","Brick &amp; Paver Making","DB","brick-amp-paver-making","12",""
"106","Fish Processing (Smoking &amp; Canning)","DB","fish-processing-smoking-amp-canning","12",""
"107","Bottled Water Production","DB","bottled-water-production","12",""
"108","Soft Drinks Production","DB","soft-drinks-production","12",""
"109","Distillery &amp; Spirits","DB","distillery-amp-spirits","10","11,12"
"110","Breakfast Cereals","DB","breakfast-cereals","12",""
"111","Cooking Oil Production","DB","cooking-oil-production","11","12"
"112","Sugar Processing","DB","sugar-processing","11","12"
"113","Rice Milling","DB","rice-milling","12",""
"114","Flour Milling","DB","flour-milling","12",""
"115","Chocolate &amp; Candy","DB","chocolate-amp-candy","12",""
"116","Ice Cream Production","DB","ice-cream-production","12",""
"117","Yogurt Production","DB","yogurt-production","12",""
"118","Cement &amp; Blocks","DB","cement-amp-blocks","11","12"
"119","Roofing Sheets","DB","roofing-sheets","12",""
"120","Tiles &amp; Ceramics","DB","tiles-amp-ceramics","12",""
"121","PVC &amp; Plumbing Pipes","DB","pvc-amp-plumbing-pipes","12",""
"122","Steel Fabrication","DB","steel-fabrication","12",""
"123","Aluminum Windows &amp; Doors","DB","aluminum-windows-amp-doors","12",""
"124","Glass Processing","DB","glass-processing","12",""
"125","Furniture Manufacturing","DB","furniture-manufacturing","12",""
"126","Solar Panel Assembly","DB","solar-panel-assembly","12",""
"127","Solar Inverters &amp; Batteries","DB","solar-inverters-amp-batteries","12",""
"128","Briquettes &amp; Pellets","DB","briquettes-amp-pellets","12",""
"129","Biogas Systems","DB","biogas-systems","12",""
"130","Auto Parts &amp; Assembly","DB","auto-parts-amp-assembly","11","12"
"131","EV Motorbike Assembly","DB","ev-motorbike-assembly","11","12"
"132","Electronics Assembly","DB","electronics-assembly","12",""
"133","Packaging Materials","DB","packaging-materials","11","12"
"134","Detergents Manufacturing","DB","detergents-manufacturing","12",""
"135","Pharmaceuticals","DB","pharmaceuticals","12",""
"136","Sanitary Pads","DB","sanitary-pads","12",""
"137","Tissues &amp; Paper Products","DB","tissues-amp-paper-products","12",""
"138","Fertilizer Blending","DB","fertilizer-blending","12",""
"139","Pesticides &amp; Agrochemicals","DB","pesticides-amp-agrochemicals","12",""
"172","Farm Building Construction","DB","farm-building-construction","12",""
"173","Welding Fundamentals","DB","welding-fundamentals","12",""
"174","Processing a Pig Fully","STATIC","pork-processing-full","1",""
"178","Buildings for Preservation (10 Methods)","STATIC","buildings-for-preservation-10-methods-","1",""
"182","Pizza Oven Construction (Wood-Fired 12 Pizza)","STATIC","pizza-oven-construction-wood-fired-12-pizza","1",""
"183","Aluminium Welding Fundamentals","STATIC","aluminium-welding-fundamentals","1",""
"203","African Street Food Business","STATIC","african-street-food","1",""
"202","Daily Pig Sales: Batch Farrowing","STATIC","daily-pig-sales","1",""
"201","Gold Smelting and Refining","STATIC","gold-smelting-refining","1",""
"200","Artisan Gold Mining","STATIC","artisan-gold-mining","1",""
"199","Daily Bread Sales: Bakery Production","STATIC","daily-bread-sales","1",""
"198","Daily Milk Sales: Dairy Herd System","STATIC","daily-milk-sales","1",""
"197","Daily Egg Sales: Layer Flock System","STATIC","daily-egg-sales","1",""
"196","Daily Broiler Sales: Batch Production","STATIC","daily-broiler-sales","1",""
"195","Metal Furniture Making","STATIC","metal-furniture-making","1",""
"194","Riveting and Fastener Work","STATIC","rivet-and-fastener-work","1",""
"193","Advanced Welding Techniques","STATIC","advanced-welding","1",""
"192","Metal Sculpture","STATIC","metal-sculpture","1",""
"191","Gate and Fence Making","STATIC","gate-and-fence-making","1",""
"190","Tool Making for Agriculture","STATIC","tool-making-for-agriculture","1",""
"189","Metal Casting and Foundry Work","STATIC","metal-casting-foundry","1",""
"188","Ornamental Ironwork","STATIC","ornamental-ironwork","1",""
"187","Bladesmithing","STATIC","bladesmithing","1",""
"186","Sheet Metal Work","STATIC","sheet-metal-work","1",""
"185","Small Machines &amp; Pharmaceuticals Import","STATIC","small-machines-pharmaceuticals-import","1",""
"184","Small Chinese Machines","STATIC","small-chinese-machines","1",""
"181","Cold Room for 4-10 Beasts","STATIC","cold-room-for-410-beasts","1",""
"180","Beehive Construction","STATIC","beehive-construction","1",""
"179","Fish Pond Construction","STATIC","fish-pond-construction","1",""
"177","Basic Blacksmithing","STATIC","basic-blacksmithing","1",""
"176","Smelting Fundamentals","STATIC","smelting-fundamentals","1",""
"175","Wind Turbine Basics","STATIC","wind-turbine-basics","1",""
