"Num","Title","Slug","Modules"
"169","How to Start a Business in Africa","how-to-start-a-business-in-africa","0"
"170","Mushroom Seed (Spawn) Production Business","mushroom-seed-spawn-production-business","0"
"171","Brick Making Business with Bank and Mobile Money Integration","brick-making-business-with-bank-and-mobile-money-integration","0"
"168","Convert a Car Engine to an Irrigation Water Pump","convert-a-car-engine-to-an-irrigation-water-pump","0"
"141","Barbering &amp; Men's Grooming Business","barbering-amp-men-s-grooming-business","0"
"142","Hair Salon and Beauty Business","hair-salon-and-beauty-business","0"
"143","Social Media Influencer Business","social-media-influencer-business","0"
"144","DJ and Event Entertainment Business","dj-and-event-entertainment-business","0"
"145","Agricultural Produce Sourcing Business","agricultural-produce-sourcing-business","0"
"146","Sourcing and Reselling Business","sourcing-and-reselling-business","0"
"147","Basic First Aid for Business and Community","basic-first-aid-for-business-and-community","0"
"148","Massage and Spa Home Visit Business","massage-and-spa-home-visit-business","0"
"149","Errands and Personal Assistant Service","errands-and-personal-assistant-service","0"
"150","Crisis Response for Underserved Communities","crisis-response-for-underserved-communities","0"
"151","Home and Office Cleaning Business","home-and-office-cleaning-business","0"
"152","Car Washing and Detailing Business","car-washing-and-detailing-business","0"
"153","Pest Control Business (Basic to Medium)","pest-control-business-basic-to-medium","0"
"154","Event Services Business (Planning and Decor)","event-services-business-planning-and-decor","0"
"155","Recycling and Green Business","recycling-green-business","7"
"156","Transport and Logistics Business","transport-and-logistics-business","0"
"157","Herbal and Natural Skincare Products","herbal-and-natural-skincare-products","0"
"158","Education and Training Business","education-training-business","7"
"159","Small Kiosk and Tuck Shop Business","small-kiosk-and-tuck-shop-business","0"
"160","Reselling on Social Media Platforms","reselling-on-social-media-platforms","0"
"161","Tech and Digital Services Business","tech-and-digital-services-business","0"
"162","Second-Hand / Thrift Shop Business (Okrika)","second-hand-thrift-shop-business-okrika","0"
"163","Home-Based Catering for Small Events","home-based-catering-for-small-events","0"
"140","Maximise 1 Hectare — Vegetables for Profit","maximise-1-hectare-vegetables-for-profit","0"
"165","Snail Farming (Heliciculture) Business","snail-farming-heliciculture-business","0"
"166","Seedling Nursery for Farmers","seedling-nursery-for-farmers","0"
"164","Fortified Corn-Soy Porridge for Malnourished Children","fortified-corn-soy-porridge-for-malnourished-children","0"
"6","Fish Feed Formulation","fish-feed-formulation","11"
"18","Soap Making","soap-making","6"
"21","Aged Beef – 21 to 101 Day","aged-beef-21-to-101-day","11"
"22","Broiler Farming","broiler-farming","6"
"23","Layer Farming","layer-farming","6"
"27","Russian Language","russian-language","6"
"28","Chinese / Mandarin","chinese-mandarin","0"
"29","Arabic Language","arabic-language","6"
"30","Swahili Language","swahili-language","6"
"31","Shona Language","shona-language","10"
"36","Tomato Farming","tomato-farming","6"
"37","Potato Farming","potato-farming","6"
"38","Onion Farming","onion-farming","6"
"45","Solar Pump for Dam","solar-pump-for-dam","11"
"46","Packaging for Export Markets","packaging-for-export-markets","11"
"47","International Trade Basics","international-trade-basics","6"
"53","Cassava Starch Extraction","cassava-starch-extraction","6"
"55","AI Fundamentals","ai-fundamentals","6"
"58","Supply Chain Management","supply-chain-management","11"
"59","Avocado Farming","avocado-farming","6"
"60","Banana Farming","banana-farming","6"
"61","Crocodile Farming","crocodile-farming","6"
"62","Duck Farming","duck-farming","6"
"65","Grasscutter Farming","grasscutter-farming","6"
"66","Citrus Farming","citrus-farming","6"
"68","Ostrich Farming","ostrich-farming","6"
"70","Soybean Farming","soybean-farming","6"
"72","Silage &amp; Hay Making","silage-amp-hay-making","11"
"73","Sweet Potato Farming","sweet-potato-farming","6"
"74","Turkey Farming","turkey-farming","6"
"75","Yam Farming","yam-farming","6"
"82","Herbal Medicine &amp; Nutraceuticals","herbal-medicine-amp-nutraceuticals","10"
"84","Black Soldier Fly Larvae Farming","black-soldier-fly-larvae-farming","11"
"86","Car Breakers &amp; Metal Scrapyard","car-breakers-amp-metal-scrapyard","11"
"90","Ginger &amp; Turmeric Shots &amp; Teas","ginger-amp-turmeric-shots-amp-teas","11"
"98","Hair Care for Natural Hair","hair-care-for-natural-hair","11"
"99","Dried Fruit &amp; Vegetable Processing","dried-fruit-amp-vegetable-processing","11"
"102","Spice Blending &amp; Packaging","spice-blending-amp-packaging","11"
"109","Distillery &amp; Spirits","distillery-amp-spirits","10"
"111","Cooking Oil Production","cooking-oil-production","11"
"112","Sugar Processing","sugar-processing","11"
"118","Cement &amp; Blocks","cement-amp-blocks","11"
"130","Auto Parts &amp; Assembly","auto-parts-amp-assembly","11"
"131","EV Motorbike Assembly","ev-motorbike-assembly","11"
"133","Packaging Materials","packaging-materials","11"
"174","Processing a Pig Fully","processing-a-pig-fully","0"
"178","Buildings for Preservation (10 Methods)","buildings-for-preservation-10-methods","0"
"182","Pizza Oven Construction (Wood-Fired 12 Pizza)","pizza-oven-construction-wood-fired-12-pizza","0"
"183","Aluminium Welding Fundamentals","aluminium-welding-fundamentals","0"
"203","African Street Food Business","african-street-food-business","0"
"202","Daily Pig Sales: Batch Farrowing","daily-pig-sales-batch-farrowing","0"
"199","Daily Bread Sales: Bakery Production","daily-bread-sales-bakery-production","0"
"198","Daily Milk Sales: Dairy Herd System","daily-milk-sales-dairy-herd-system","0"
"197","Daily Egg Sales: Layer Flock System","daily-egg-sales-layer-flock-system","0"
"196","Daily Broiler Sales: Batch Production","daily-broiler-sales-batch-production","0"
"194","Riveting and Fastener Work","riveting-and-fastener-work","0"
"193","Advanced Welding Techniques","advanced-welding-techniques","0"
"192","Metal Sculpture","metal-sculpture","0"
"191","Gate and Fence Making","gate-and-fence-making","0"
"190","Tool Making for Agriculture","tool-making-for-agriculture","0"
"189","Metal Casting and Foundry Work","metal-casting-and-foundry-work","0"
"187","Bladesmithing","bladesmithing","0"
"186","Sheet Metal Work","sheet-metal-work","0"
"185","Small Machines &amp; Pharmaceuticals Import","small-machines-amp-pharmaceuticals-import","0"
"184","Small Chinese Machines","small-chinese-machines","0"
"181","Cold Room for 4-10 Beasts","cold-room-for-4-10-beasts","0"
"180","Beehive Construction","beehive-construction","0"
"179","Fish Pond Construction","fish-pond-construction","0"
"177","Basic Blacksmithing","basic-blacksmithing","0"
"176","Smelting Fundamentals","smelting-fundamentals","0"
