"Num","Title","Type","Modules","Slug"
"6","Fish Feed Formulation","DB","11","course.html?f=fish-feed-formulation-course"
"18","Soap Making","DB","6","course.html?f=soap-making-course"
"21","Aged Beef – 21 to 101 Day","DB","11","course.html?f=aged-beef-21-to-101-day-course"
"22","Broiler Farming","DB","6","course.html?f=broiler-farming-course"
"23","Layer Farming","DB","6","course.html?f=layer-farming-course"
"27","Russian Language","DB","6","course.html?f=russian-language-course"
"28","Chinese / Mandarin","DB","6","course.html?f=chinese-language-course"
"29","Arabic Language","DB","6","course.html?f=arabic-language-course"
"30","Swahili Language","DB","6","course.html?f=swahili-language-course"
"31","Shona Language","DB","10","course.html?f=shona-language-course"
"36","Tomato Farming","DB","6","course.html?f=tomato-farming-course"
"37","Potato Farming","DB","6","course.html?f=potato-farming-course"
"38","Onion Farming","DB","6","course.html?f=onion-farming-course"
"45","Solar Pump for Dam","DB","11","course.html?f=solar-pump-for-dam-course"
"46","Packaging for Export Markets","DB","11","course.html?f=packaging-for-export-markets-course"
"47","International Trade Basics","DB","6","course.html?f=international-trade-basics-course"
"53","Cassava Starch Extraction","DB","6","course.html?f=cassava-starch-extraction-course"
"55","AI Fundamentals","DB","6","course.html?f=ai-fundamentals-course"
"58","Supply Chain Management","DB","11","course.html?f=supply-chain-management-course"
"59","Avocado Farming","DB","6","course.html?f=avocado-farming-course"
"60","Banana Farming","DB","6","course.html?f=banana-farming-course"
"61","Crocodile Farming","DB","6","course.html?f=crocodile-farming-course"
"62","Duck Farming","DB","6","course.html?f=duck-farming-course"
"65","Grasscutter Farming","DB","6","course.html?f=grasscutter-farming-course"
"66","Citrus Farming","DB","6","course.html?f=citrus-farming-course"
"68","Ostrich Farming","DB","6","course.html?f=ostrich-farming-course"
"70","Soybean Farming","DB","6","course.html?f=soybean-farming-course"
"72","Silage &amp; Hay Making","DB","11","course.html?f=silage-amp-hay-making-course"
"73","Sweet Potato Farming","DB","6","course.html?f=sweet-potato-farming-course"
"74","Turkey Farming","DB","6","course.html?f=turkey-farming-course"
"75","Yam Farming","DB","6","course.html?f=yam-farming-course"
"82","Herbal Medicine &amp; Nutraceuticals","DB","10","course.html?f=herbal-medicine-amp-nutraceuticals-course"
"84","Black Soldier Fly Larvae Farming","DB","11","course.html?f=black-soldier-fly-larvae-farming-course"
"86","Car Breakers &amp; Metal Scrapyard","DB","11","course.html?f=car-breakers-amp-metal-scrapyard-course"
"90","Ginger &amp; Turmeric Shots &amp; Teas","DB","11","course.html?f=ginger-amp-turmeric-shots-amp-teas-course"
"98","Hair Care for Natural Hair","DB","11","course.html?f=hair-care-for-natural-hair-course"
"99","Dried Fruit &amp; Vegetable Processing","DB","11","course.html?f=dried-fruit-amp-vegetable-processing-course"
"102","Spice Blending &amp; Packaging","DB","11","course.html?f=spice-blending-amp-packaging-course"
"109","Distillery &amp; Spirits","DB","10","course.html?f=distillery-amp-spirits-course"
"111","Cooking Oil Production","DB","11","course.html?f=cooking-oil-production-course"
"112","Sugar Processing","DB","11","course.html?f=sugar-processing-course"
"118","Cement &amp; Blocks","DB","11","course.html?f=cement-amp-blocks-course"
"130","Auto Parts &amp; Assembly","DB","11","course.html?f=auto-parts-amp-assembly-course"
"131","EV Motorbike Assembly","DB","11","course.html?f=ev-motorbike-assembly-course"
"133","Packaging Materials","DB","11","course.html?f=packaging-materials-course"
"140","Maximise 1 Hectare — Vegetables for Profit","DB","7","course.html?f=maximise-1-hectare-vegetables-course"
"141","Barbering &amp; Men's Grooming Business","DB","7","course.html?f=barbering-grooming-course"
"142","Hair Salon and Beauty Business","DB","7","course.html?f=hair-salon-beauty-course"
"143","Social Media Influencer Business","DB","7","course.html?f=social-media-influencer-course"
"144","DJ and Event Entertainment Business","DB","7","course.html?f=dj-event-entertainment-course"
"145","Agricultural Produce Sourcing Business","DB","7","course.html?f=agricultural-produce-sourcing-course"
"146","Sourcing and Reselling Business","DB","7","course.html?f=sourcing-reselling-course"
"147","Basic First Aid for Business and Community","DB","7","course.html?f=basic-first-aid-course"
"148","Massage and Spa Home Visit Business","DB","7","course.html?f=massage-spa-home-course"
"149","Errands and Personal Assistant Service","DB","7","course.html?f=errands-personal-assistant-course"
"150","Crisis Response for Underserved Communities","DB","7","course.html?f=crisis-response-underserved-course"
"151","Home and Office Cleaning Business","DB","7","course.html?f=home-office-cleaning-course"
"152","Car Washing and Detailing Business","DB","7","course.html?f=car-washing-detailing-course"
"153","Pest Control Business (Basic to Medium)","DB","7","course.html?f=pest-control-basic-course"
"154","Event Services Business (Planning and Decor)","DB","7","course.html?f=event-services-course"
"155","Recycling and Green Business","DB","7","course.html?f=recycling-green-business-course"
"156","Transport and Logistics Business","DB","7","course.html?f=transport-logistics-course"
"157","Herbal and Natural Skincare Products","DB","7","course.html?f=herbal-skincare-products-course"
"158","Education and Training Business","DB","7","course.html?f=education-training-business-course"
"159","Small Kiosk and Tuck Shop Business","DB","7","course.html?f=small-kiosk-tuck-shop-course"
"160","Reselling on Social Media Platforms","DB","7","course.html?f=reselling-social-media-course"
"161","Tech and Digital Services Business","DB","7","course.html?f=tech-digital-services-course"
"162","Second-Hand / Thrift Shop Business (Okrika)","DB","7","course.html?f=thrift-shop-okrika-course"
"163","Home-Based Catering for Small Events","DB","7","course.html?f=home-based-catering-course"
"165","Snail Farming (Heliciculture) Business","DB","7","course.html?f=snail-farming-course"
"166","Seedling Nursery for Farmers","DB","7","course.html?f=seedling-nursery-farmers-course"
"169","How to Start a Business in Africa","DB","7","course.html?f=how-to-start-a-business-course"
"170","Mushroom Seed (Spawn) Production Business","DB","7","course.html?f=mushroom-seed-production-course"
"171","Brick Making Business with Bank and Mobile Money Integration","DB","7","course.html?f=brick-making-business-banking-course"
