"Num","Title","Modules"
"6","Fish Feed Formulation","11"
"18","Soap Making","6"
"21","Aged Beef – 21 to 101 Day","11"
"22","Broiler Farming","6"
"23","Layer Farming","6"
"27","Russian Language","6"
"28","Chinese / Mandarin","0"
"29","Arabic Language","6"
"30","Swahili Language","6"
"31","Shona Language","10"
"36","Tomato Farming","6"
"37","Potato Farming","6"
"38","Onion Farming","6"
"45","Solar Pump for Dam","11"
"46","Packaging for Export Markets","11"
"47","International Trade Basics","6"
"53","Cassava Starch Extraction","6"
"55","AI Fundamentals","6"
"58","Supply Chain Management","11"
"59","Avocado Farming","6"
"60","Banana Farming","6"
"61","Crocodile Farming","6"
"62","Duck Farming","6"
"65","Grasscutter Farming","6"
"66","Citrus Farming","6"
"68","Ostrich Farming","6"
"70","Soybean Farming","6"
"72","Silage &amp; Hay Making","11"
"73","Sweet Potato Farming","6"
"74","Turkey Farming","6"
"75","Yam Farming","6"
"82","Herbal Medicine &amp; Nutraceuticals","10"
"84","Black Soldier Fly Larvae Farming","11"
"86","Car Breakers &amp; Metal Scrapyard","11"
"90","Ginger &amp; Turmeric Shots &amp; Teas","11"
"98","Hair Care for Natural Hair","11"
"99","Dried Fruit &amp; Vegetable Processing","11"
"102","Spice Blending &amp; Packaging","11"
"109","Distillery &amp; Spirits","10"
"111","Cooking Oil Production","11"
"112","Sugar Processing","11"
"118","Cement &amp; Blocks","11"
"130","Auto Parts &amp; Assembly","11"
"131","EV Motorbike Assembly","11"
"133","Packaging Materials","11"
"140","Maximise 1 Hectare — Vegetables for Profit","0"
"141","Barbering &amp; Men's Grooming Business","0"
"142","Hair Salon and Beauty Business","0"
"143","Social Media Influencer Business","0"
"144","DJ and Event Entertainment Business","0"
"145","Agricultural Produce Sourcing Business","0"
"146","Sourcing and Reselling Business","0"
"147","Basic First Aid for Business and Community","0"
"148","Massage and Spa Home Visit Business","0"
"149","Errands and Personal Assistant Service","0"
"150","Crisis Response for Underserved Communities","0"
"151","Home and Office Cleaning Business","0"
"152","Car Washing and Detailing Business","0"
"153","Pest Control Business (Basic to Medium)","0"
"154","Event Services Business (Planning and Decor)","0"
"155","Recycling and Green Business","7"
"156","Transport and Logistics Business","0"
"157","Herbal and Natural Skincare Products","0"
"158","Education and Training Business","7"
"159","Small Kiosk and Tuck Shop Business","0"
"160","Reselling on Social Media Platforms","0"
"161","Tech and Digital Services Business","0"
"162","Second-Hand / Thrift Shop Business (Okrika)","0"
"163","Home-Based Catering for Small Events","0"
"164","Fortified Corn-Soy Porridge for Malnourished Children","0"
"165","Snail Farming (Heliciculture) Business","0"
"166","Seedling Nursery for Farmers","0"
"168","Convert a Car Engine to an Irrigation Water Pump","0"
"169","How to Start a Business in Africa","0"
"170","Mushroom Seed (Spawn) Production Business","0"
"171","Brick Making Business with Bank and Mobile Money Integration","0"
"174","Processing a Pig Fully","0"
"176","Smelting Fundamentals","0"
"177","Basic Blacksmithing","0"
"178","Buildings for Preservation (10 Methods)","0"
"179","Fish Pond Construction","0"
"180","Beehive Construction","0"
"181","Cold Room for 4-10 Beasts","0"
"182","Pizza Oven Construction (Wood-Fired 12 Pizza)","0"
"183","Aluminium Welding Fundamentals","0"
"184","Small Chinese Machines","0"
"185","Small Machines &amp; Pharmaceuticals Import","0"
"186","Sheet Metal Work","0"
"187","Bladesmithing","0"
"189","Metal Casting and Foundry Work","0"
"190","Tool Making for Agriculture","0"
"191","Gate and Fence Making","0"
"192","Metal Sculpture","0"
"193","Advanced Welding Techniques","0"
"194","Riveting and Fastener Work","0"
"196","Daily Broiler Sales: Batch Production","0"
"197","Daily Egg Sales: Layer Flock System","0"
"198","Daily Milk Sales: Dairy Herd System","0"
"199","Daily Bread Sales: Bakery Production","0"
"202","Daily Pig Sales: Batch Farrowing","0"
"203","African Street Food Business","0"
